{
  "AP@0.50": 0.0008063152809060965,
  "AP@0.55": 0.0002641690896767018,
  "AP@0.60": 6.439671571154367e-05,
  "AP@0.65": 1.726628985044584e-05,
  "AP@0.70": 2.4534896507452757e-06,
  "AP@0.75": 8.121017637127279e-07,
  "AP@0.80": 7.489359984060428e-08,
  "AP@0.85": 3.0606957389912136e-08,
  "AP@0.90": 0.0,
  "AP@0.95": 0.0,
  "AP@[.50:.95]": 0.00011555184681164765,
  "AR@1": 5.931661868165303e-05,
  "AR@10": 0.0006507109156584224,
  "AR@100": 0.004263891810430288,
  "AR@300": 0.004263891810430288,
  "_meta": {
    "num_images": 200,
    "inference_time_s": 65.54,
    "fps": 3.1,
    "checkpoint": "results/training/checkpoints/best_model.pth",
    "untrained": false,
    "synthetic_data": false,
    "device": "mps",
    "total_params": 9955750
  }
}